<?xml version="1.0" encoding="UTF-8"?>
<project-private xmlns="http://www.netbeans.org/ns/project-private/1">
    <editor-bookmarks xmlns="http://www.netbeans.org/ns/editor-bookmarks/2" lastBookmarkId="0"/>
    <open-files xmlns="http://www.netbeans.org/ns/projectui-open-files/2">
        <group>
            <file>file:/C:/Users/lutha/Documents/NetBeansProjects/Pathfinder%20Design%20Studios%20portfolio/bower.json</file>
            <file>file:/C:/Users/lutha/Documents/NetBeansProjects/Pathfinder%20Design%20Studios%20portfolio/public_html/about.html</file>
            <file>file:/C:/Users/lutha/Documents/NetBeansProjects/Pathfinder%20Design%20Studios%20portfolio/package.json</file>
            <file>file:/C:/Users/lutha/Documents/NetBeansProjects/Pathfinder%20Design%20Studios%20portfolio/gulpfile.js</file>
            <file>file:/C:/Users/lutha/Documents/NetBeansProjects/Pathfinder%20Design%20Studios%20portfolio/public_html/index.html</file>
            <file>file:/C:/Users/lutha/Documents/NetBeansProjects/Pathfinder%20Design%20Studios%20portfolio/public_html/assets/css/style-starter.css</file>
            <file>file:/C:/Users/lutha/Documents/NetBeansProjects/Pathfinder%20Design%20Studios%20portfolio/.bowerrc</file>
            <file>file:/C:/Users/lutha/Documents/NetBeansProjects/Pathfinder%20Design%20Studios%20portfolio/Gruntfile.js</file>
            <file>file:/C:/Users/lutha/Documents/NetBeansProjects/Pathfinder%20Design%20Studios%20portfolio/public_html/contact.html</file>
            <file>file:/C:/Users/lutha/Documents/NetBeansProjects/Pathfinder%20Design%20Studios%20portfolio/public_html/services.html</file>
        </group>
    </open-files>
</project-private>
